-- phpMyAdmin SQL Dump
-- version 3.4.10.1deb1
-- http://www.phpmyadmin.net
--
-- Client: localhost
-- Généré le : Mar 09 Avril 2013 à 14:59
-- Version du serveur: 5.5.29
-- Version de PHP: 5.3.10-1ubuntu3.5

SET SQL_MODE="NO_AUTO_VALUE_ON_ZERO";
SET time_zone = "+00:00";


/*!40101 SET @OLD_CHARACTER_SET_CLIENT=@@CHARACTER_SET_CLIENT */;
/*!40101 SET @OLD_CHARACTER_SET_RESULTS=@@CHARACTER_SET_RESULTS */;
/*!40101 SET @OLD_COLLATION_CONNECTION=@@COLLATION_CONNECTION */;
/*!40101 SET NAMES utf8 */;

--
-- Base de données: `solib`
--

-- --------------------------------------------------------

--
-- Structure de la table `drawings`
--

CREATE TABLE IF NOT EXISTS `drawings` (
  `id` int(11) NOT NULL AUTO_INCREMENT,
  `idlesson` int(11) NOT NULL,
  `idslide` int(11) NOT NULL,
  `radius` int(11) NOT NULL DEFAULT '5',
  `color` varchar(10) NOT NULL DEFAULT 'white',
  `points` varchar(10000) NOT NULL,
  PRIMARY KEY (`id`),
  KEY `idslide` (`idslide`),
  KEY `idlesson` (`idlesson`)
) ENGINE=InnoDB  DEFAULT CHARSET=latin1 AUTO_INCREMENT=239 ;

--
-- Contenu de la table `drawings`
--

INSERT INTO `drawings` (`id`, `idlesson`, `idslide`, `radius`, `color`, `points`) VALUES
(2, 18, 10, 5, '#cb3494', '0,0'),
(3, 18, 10, 5, '#cb3494', '0,0'),
(4, 18, 10, 5, '#cb3494', '0,0'),
(5, 18, 10, 5, '#cb3494', '0,0'),
(6, 18, 10, 5, '#cb3494', '0,0'),
(7, 18, 10, 5, '#cb3494', '0,0'),
(8, 18, 10, 5, '#cb3494', '0,0'),
(9, 18, 10, 5, '#cb3494', '0,0'),
(10, 18, 10, 5, '#cb3494', '700,73;695,73;661,73;639,73'),
(11, 18, 10, 5, '#cb3494', '325,92;327,92;339,92;372,95'),
(12, 18, 10, 5, '#cb3494', '684,164;670,164;652,164;650,164;641,166'),
(13, 18, 10, 5, '#cb3494', '498,211;506,211;521,211;532,211'),
(15, 18, 10, 5, '#cb3494', '196,178;190,178;178,178;171,181;166,189;161,202;159,215;159,225;161,232;165,235;173,235;192,232;211,230;220,227;222,225;220,225;212,226;199,236;190,250;189,270;191,282;194,287;197,288;208,288'),
(16, 18, 10, 5, '#cb3494', '538,272;544,281;556,279;587,273;634,273;657,277;666,280;667,282;665,282;663,284;655,293;642,314;636,325;632,330;631,331;626,335;615,340;605,344;594,347;581,347;572,347;563,341;554,332;550,326;550,322;550,320;551,312;563,299;582,287;595,282;600,282;604,282;606,282'),
(17, 18, 10, 5, '#cb3494', '275,174;296,172;326,163;354,158;380,158;408,158;427,170;432,180;436,215;436,257;431,287;413,315;361,331;291,333;248,306;234,272;234,235;234,205;235,164;240,131;242,107;245,93;247,89;249,89;253,89;256,89'),
(18, 18, 10, 5, '#cb3494', '246,389'),
(19, 18, 10, 5, '#cb3494', '246,389'),
(20, 18, 10, 5, '#cb3494', '381,60;381,74;381,125;381,180;381,202;381,212;381,217;381,208;390,158;403,121;417,101;433,95;443,93;446,93;449,99;457,136;461,166;462,175;462,177;462,180;462,183'),
(21, 18, 10, 5, '#cb3494', '246,389'),
(22, 18, 10, 5, '#cb3494', '559,126;560,124;560,145;560,182;560,201;560,210;560,221;560,228'),
(23, 18, 10, 5, '#cb3494', '88,137;93,137;146,127;234,110;312,94;365,88;434,83;530,77;567,77;591,77;623,88;692,113;729,132;735,137;734,139;659,166;562,190;465,199;411,199;365,199;307,199;249,199;212,199;198,197;194,197;182,197;150,197;131,197;115,197;108,197;107,197;115,214;124,236;132,257;162,278;200,298;226,310;253,319;298,326;347,332;400,336;473,339;539,340;559,342;561,343;582,351;656,376;701,389;796,399'),
(24, 18, 10, 5, '#cb3494', '709,69;709,85;709,125;711,176;713,215;714,222'),
(25, 18, 10, 5, '#cb3494', '785,198;781,198;768,198;746,201;712,211;676,223;656,234;649,237;645,238'),
(26, 18, 10, 5, '#cb3494', '44,381;44,383;44,389;44,400;44,405;44,408;44,409;44,411;44,412;44,414;44,416'),
(27, 18, 10, 5, '#cb3494', '32,411;33,411;36,411;40,411;43,411;45,411;47,411;50,411;52,411;55,411;56,411;58,411;59,411'),
(28, 18, 10, 5, '#cb3494', '149,66;153,68;193,109;308,234;422,345;469,384;490,409;496,423'),
(29, 18, 10, 5, '#cb3494', '637,3'),
(30, 18, 10, 5, '#cb3494', '637,3;548,8;410,55;294,132;215,183'),
(31, 18, 10, 5, '#cb3494', '31,379;35,379;39,380;42,381;44,381;46,381;47,382;48,382;50,382;52,382;54,382;56,382;57,382;59,382;60,382'),
(32, 18, 10, 5, '#cb3494', '79,384;79,386;79,388;79,390;79,392;79,396;79,402;79,408;79,412;79,414;79,416;79,418;79,418'),
(124, 18, 10, 5, '#cb3494', '268,134'),
(125, 18, 19, 5, '#333333', '0,0'),
(126, 18, 20, 5, '#333333', '0,0'),
(127, 18, 21, 5, '#333333', '0,0'),
(134, 18, 10, 5, '#cb3494', '763,52;763,55;763,61;763,66;763,73;762,79;761,85;761,89'),
(135, 18, 10, 5, '#cb3494', '762,75;765,73;770,69;774,65'),
(136, 18, 10, 5, '#cb3494', '770,71;770,72;770,75;770,77;770,79;772,80;773,83;773,83;774,84;775,86;776,88;777,89;778,91'),
(137, 18, 10, 5, '#cb3494', '782,77;782,77;782,79;782,82;782,84;782,86;782,88;782,90;782,91;782,91;785,86;786,82;788,79;790,77;792,76;794,75;796,75;796,77;796,80;796,84;796,88;795,90;794,92;794,94;793,95'),
(138, 18, 10, 5, '#cb3494', '803,80;803,83;803,86;803,88;803,90;803,91'),
(139, 18, 10, 5, '#cb3494', '800,68'),
(140, 18, 10, 5, '#cb3494', '804,68;804,66;803,66;803,68'),
(141, 18, 10, 5, '#cb3494', '812,75;812,77;812,81;812,83;812,85;812,89;812,92;812,94;812,94;813,91;815,86;816,83;817,81;818,80;820,80;820,81;821,85;821,90;821,93'),
(142, 18, 10, 5, '#cb3494', '51,90;46,93;37,104;34,111;34,122;34,134;36,141;40,147;47,150;56,153;68,155;78,154;83,148;88,141;93,134'),
(143, 18, 10, 5, '#cb3494', '90,88;88,88;88,94;88,101;91,104;96,107;105,108;114,109;119,109;122,109;126,106;127,100;128,92;128,85;124,81;115,79;108,78;100,78;91,80;86,84;84,87'),
(144, 18, 10, 5, '#cb3494', '117,49;118,49;122,52;129,56;136,60;141,62;147,63;152,64;156,65;159,66;164,67;165,67;168,67;171,66;175,64;175,62;174,55;171,49;168,45;162,40;154,36;144,34;140,33'),
(145, 18, 10, 5, '#cb3494', '201,22;201,23;199,33;199,44;199,54;199,62;203,68;205,71;208,77;212,79;217,80;223,80;234,77;244,72;250,68;253,66;256,62;258,61'),
(146, 18, 10, 5, '#cb3494', '284,34;285,36;285,42;285,50;285,56;288,62;293,68;298,72;302,74;307,76;315,77;322,77;326,76;328,72;329,69;330,61;330,54;330,50;329,46;325,44;320,40;312,37;304,36;293,35;286,35;284,35;282,37;282,39'),
(147, 18, 10, 5, '#cb3494', '349,20;349,24;352,33;357,40;362,44;367,47;372,47;379,47;384,46;388,42;393,38;398,31;400,24;402,18;402,13;398,9;394,6'),
(148, 18, 10, 5, '#cb3494', '422,13;422,13;425,16;429,22;431,26;432,29;433,30;435,34'),
(149, 18, 10, 5, '#cb3494', '441,47;442,47'),
(150, 18, 10, 5, '#cb3494', '152,332;148,332;143,332;138,332;136,332;133,335;132,337;130,342;129,347;129,351;129,357;129,363;130,369;131,375;133,377;136,379;139,383;143,388;145,391;148,393;152,394;156,394;160,394;163,394;164,392;166,387;168,380;170,375;171,369;171,365;171,362;169,359;168,356;168,351;167,349;166,348;165,346;162,343;161,342;160,341;159,338;157,336;156,334;154,333'),
(151, 18, 10, 5, '#cb3494', '181,330;181,331;181,336;181,339;181,342;181,345;181,350;181,356;182,361;183,367;184,371;185,375;187,380;188,387;191,393;192,395;195,398;199,401;203,402;209,403;212,403;215,402;220,396;223,389;225,384;227,379;227,372;228,368;228,363;228,359;228,354;228,349;227,345;227,340;226,337;225,332;225,329;225,327'),
(152, 18, 10, 5, '#cb3494', '244,338;244,341;244,348;244,352;244,356;244,359;244,365;244,370;244,376;244,378;244,381;244,385;244,389;246,392;246,393;246,399;246,399'),
(153, 18, 10, 5, '#cb3494', '244,322;244,324;244,325;244,327'),
(154, 18, 10, 5, '#cb3494', '257,338;260,338;266,338;271,338;276,338;283,338;288,338;290,338'),
(155, 18, 10, 5, '#cb3494', '256,340;256,341;256,346;256,352;256,358;256,362;256,367;255,372;255,377;255,380;255,382;255,383;255,384;256,387;257,389;258,391;258,392;260,393;261,394;265,395;269,396;274,397;279,397;283,397;288,397;292,397;294,397;295,397'),
(156, 18, 10, 5, '#cb3494', '256,362;259,362;263,362;267,362;270,362;272,362;275,362;276,362;278,362'),
(157, 18, 10, 5, '#cb3494', '310,344;310,346;310,348;310,352;310,356;310,360;310,364;311,371;312,376;313,381;315,386;315,388;317,390;318,392;319,393;321,395;322,397;325,398;327,399;330,399;333,399;336,399;338,399;339,397;341,395;343,391;346,385;347,380;347,378;347,375;348,373;348,369;348,364;348,360;348,356;348,350;348,348;348,346;348,344'),
(158, 18, 10, 5, '#cb3494', '358,347;358,348;358,351;358,358;358,365;358,371;358,376;358,380;358,383;358,384;358,386;358,388;358,390;358,392;358,394;358,397;358,400;358,400'),
(159, 18, 10, 5, '#cb3494', '359,373;360,373;363,373;367,373;370,373;372,373;375,373;377,373;378,373;379,373;381,373'),
(190, 18, 39, 5, '#333333', '0,0'),
(191, 18, 10, 5, '#cb3494', '568,381'),
(192, 18, 40, 5, '#333333', '0,0'),
(193, 18, 41, 5, '#333333', '0,0'),
(194, 18, 42, 5, '#333333', '0,0'),
(195, 18, 43, 5, '#333333', '0,0'),
(196, 19, 44, 5, 'white', '[object Object]'),
(197, 19, 44, 5, '#cb3494', '172,146;172,154;175,161;182,171;197,193;206,205;207,206;208,207'),
(198, 19, 45, 5, '#333333', '0,0'),
(199, 19, 44, 5, '#cb3494', '15,63'),
(200, 19, 44, 5, '#cb3494', '393,157;388,159;377,169;370,174;367,176'),
(201, 19, 44, 5, '#cb3494', '238,124;233,128;219,145;207,157;204,161'),
(202, 19, 44, 5, '#cb3494', '94,281;94,283;94,289;94,298'),
(203, 19, 44, 5, '#cb3494', '154,284;154,283;154,278;153,271;153,270'),
(204, 19, 44, 5, '#cb3494', '114,80;111,81;107,85;103,90;101,94;99,96;98,97;97,99'),
(205, 19, 44, 5, '#cb3494', '65,8;65,11;65,16;65,22;65,27'),
(206, 19, 46, 5, '#333333', '0,0'),
(207, 19, 44, 5, '#cb3494', '160,36;160,38;159,42;158,49;157,51'),
(208, 19, 44, 37, '#cb3494', '417,69'),
(209, 19, 44, 37, '#cb3494', '247,32;245,32;243,35;242,39;240,42'),
(210, 19, 47, 5, '#333333', '0,0'),
(211, 19, 48, 5, '#333333', '0,0'),
(212, 19, 49, 5, '#333333', '0,0'),
(213, 19, 44, 5, '#cb3494', '44,83;44,87;44,92;44,107'),
(214, 19, 44, 5, '#cb3494', '87,6;88,8;91,11;101,13;103,13;104,13;105,14'),
(215, 19, 44, 5, '#cb3494', '885,14'),
(216, 19, 44, 5, '#cb3494', '599,95;600,187;591,185;560,161;525,160;489,161;468,176;460,183;456,188;249,188;175,166;149,158;169,161;229,181;251,187;402,188;462,172;513,151;546,131;562,119;569,112;576,108;607,99;648,84;646,4;574,30;534,46;522,52;521,54;521,54'),
(217, 19, 44, 5, '#cb3494', '676,83'),
(218, 19, 44, 5, '#cb3494', '140,370;93,57;124,154;143,194;151,207;157,213;175,217;151,212;116,208;102,208;100,208'),
(219, 19, 44, 5, '#cb3494', '364,151;364,152;364,169;364,188;369,191;419,196;511,213;565,218;584,216;587,209;572,203;484,187;427,187;407,192;409,224;478,322;543,364;594,373;618,366;611,351;536,328;424,321;388,321;379,324;388,336;452,361;525,370;544,370;520,365;419,345;350,338;317,338;340,338;416,340;447,340;451,337;442,334;394,328;336,322;313,322'),
(220, 19, 44, 5, '#cb3494', '372,151;375,151;420,146;510,144;533,158;535,163;525,163;482,153;429,117;398,79;389,62'),
(221, 19, 44, 5, '#cb3494', '353,48;354,48;364,48;377,48;401,48;431,51;457,52;484,52;508,54;543,64;564,72;588,84;610,97;622,104;625,112;628,121;632,134;638,146;640,160;643,172'),
(222, 19, 44, 5, '#cb3494', '396,255;393,257;384,257;374,257;353,257;329,257;309,257;296,260;284,270;282,276;282,281;282,286'),
(223, 19, 44, 5, '#cb3494', '260,122;261,143;261,214;262,185;275,134;286,100;290,91;291,98;293,104'),
(224, 19, 44, 5, '#cb3494', '178,103'),
(225, 20, 50, 5, 'white', '[object Object]'),
(226, 21, 51, 5, 'white', '[object Object]'),
(227, 22, 52, 5, 'white', '[object Object]'),
(228, 23, 53, 5, 'white', '[object Object]'),
(229, 24, 54, 5, 'white', '[object Object]'),
(230, 25, 55, 5, 'white', '[object Object]'),
(231, 26, 56, 5, 'white', '[object Object]'),
(232, 27, 57, 5, 'white', '[object Object]'),
(233, 28, 58, 5, 'white', '[object Object]'),
(234, 28, 58, 5, '#cb3494', '72,131;69,137;64,144;62,147;60,149;60,150'),
(235, 28, 58, 5, '#cb3494', '175,79;164,79;145,85;122,92;110,97;106,100'),
(236, 27, 57, 5, '#cb3494', '236,13'),
(237, 27, 57, 5, '#cb3494', '193,44;184,44;175,45;167,49;161,53;159,55;156,56'),
(238, 27, 57, 5, '#cb3494', '207,96;204,99;196,107;179,122;165,137;159,142');

-- --------------------------------------------------------

--
-- Structure de la table `lessons`
--

CREATE TABLE IF NOT EXISTS `lessons` (
  `id` int(11) NOT NULL AUTO_INCREMENT,
  `name` varchar(50) NOT NULL COMMENT 'Name of the lesson (from Moodle)',
  `authorid` int(5) NOT NULL COMMENT 'Creator of the lesson (from Moodle)',
  `creation_time` int(10) NOT NULL COMMENT 'Creation time of the lesson (from Moodle)',
  `access_token` varchar(20) NOT NULL COMMENT 'token from moodle to connect to the course.',
  PRIMARY KEY (`id`)
) ENGINE=InnoDB  DEFAULT CHARSET=latin1 AUTO_INCREMENT=29 ;

--
-- Contenu de la table `lessons`
--

INSERT INTO `lessons` (`id`, `name`, `authorid`, `creation_time`, `access_token`) VALUES
(18, 'dev 10', 0, 1365169285, '515ed485df12b'),
(19, 'Production 1', 0, 1365441238, '5162fad603a38'),
(20, 'Users test', 3, 1365500027, '5163e07ba0bd0'),
(21, 'Users test', 3, 1365500056, '5163e09805273'),
(22, 'Users test 2', 3, 1365500162, '5163e10220a1e'),
(23, 'Users test 3', 3, 1365500197, '5163e12578750'),
(24, 'Users test 4', 3, 1365500433, '5163e21132cf1'),
(25, 'Users test 5', 3, 1365500466, '5163e23284bbb'),
(26, 'Users test 6', 3, 1365500568, '5163e2982ca97'),
(27, 'Users test 7', 3, 1365500651, '5163e2eb8ba3c'),
(28, 'Users test 8', 3, 1365500736, '5163e340b5820');

-- --------------------------------------------------------

--
-- Structure de la table `slides`
--

CREATE TABLE IF NOT EXISTS `slides` (
  `id` int(11) NOT NULL AUTO_INCREMENT,
  `idlesson` int(11) NOT NULL,
  `position` int(11) NOT NULL,
  PRIMARY KEY (`id`),
  KEY `idlesson` (`idlesson`)
) ENGINE=InnoDB  DEFAULT CHARSET=latin1 AUTO_INCREMENT=59 ;

--
-- Contenu de la table `slides`
--

INSERT INTO `slides` (`id`, `idlesson`, `position`) VALUES
(10, 18, 0),
(11, 18, 1),
(13, 18, 3),
(14, 18, 4),
(15, 18, 5),
(16, 18, 6),
(17, 18, 7),
(19, 18, 9),
(20, 18, 10),
(21, 18, 11),
(38, 18, 10),
(39, 18, 11),
(40, 18, 12),
(41, 18, 13),
(42, 18, 14),
(43, 18, 15),
(44, 19, 0),
(45, 19, 1),
(46, 19, 2),
(47, 19, 3),
(48, 19, 4),
(49, 19, 5),
(50, 20, 0),
(51, 21, 0),
(52, 22, 0),
(53, 23, 0),
(54, 24, 0),
(55, 25, 0),
(56, 26, 0),
(57, 27, 0),
(58, 28, 0);

-- --------------------------------------------------------

--
-- Structure de la table `users`
--

CREATE TABLE IF NOT EXISTS `users` (
  `idmoodle` int(11) NOT NULL,
  `lastname` varchar(50) NOT NULL,
  `firstname` varchar(50) NOT NULL,
  PRIMARY KEY (`idmoodle`)
) ENGINE=InnoDB DEFAULT CHARSET=latin1;

--
-- Contenu de la table `users`
--

INSERT INTO `users` (`idmoodle`, `lastname`, `firstname`) VALUES
(2, 'Root', 'Root'),
(3, 'Charbonnier', 'Thibault'),
(4, 'Diallo', 'Kadidiatou'),
(5, 'Mathieu', 'Julie'),
(6, 'Vieira', 'Stéphane'),
(7, 'Hatoum', 'Michael'),
(8, 'Templemore', 'Justin'),
(9, 'Eleve', 'Eleve');

--
-- Contraintes pour les tables exportées
--

--
-- Contraintes pour la table `drawings`
--
ALTER TABLE `drawings`
  ADD CONSTRAINT `drawings_ibfk_2` FOREIGN KEY (`idlesson`) REFERENCES `lessons` (`id`) ON DELETE NO ACTION ON UPDATE NO ACTION,
  ADD CONSTRAINT `drawings_ibfk_1` FOREIGN KEY (`idslide`) REFERENCES `slides` (`id`) ON DELETE CASCADE ON UPDATE CASCADE;

--
-- Contraintes pour la table `slides`
--
ALTER TABLE `slides`
  ADD CONSTRAINT `slides_ibfk_1` FOREIGN KEY (`idlesson`) REFERENCES `lessons` (`id`) ON DELETE CASCADE ON UPDATE CASCADE;

/*!40101 SET CHARACTER_SET_CLIENT=@OLD_CHARACTER_SET_CLIENT */;
/*!40101 SET CHARACTER_SET_RESULTS=@OLD_CHARACTER_SET_RESULTS */;
/*!40101 SET COLLATION_CONNECTION=@OLD_COLLATION_CONNECTION */;
